title,excerpt,content,collection,subcollection,folder,name,image_path
DIE LAUTLOSE KRAFT,"42 x 42cm, Schöpfpapier, mit Glitzer, in Holzrahmen, Fr. 780.-","Handgeschöpftes Papier, liebevoll veredelt mit Blüten und einem Hauch von Glitzer. 
Die eingearbeiteten, nostalgischen Valentino-Drucke entstammen einem einzigartigen Modebuch aus der  Herbst/Winter-Kollektion 1987/88. ",Schöpfpapier,,,IMG_0033.HEIC,
DIE FRÖHLICHE,"42 x 42cm, Schöpfpapier, mit Glitzer, in Holzrahmen, Fr. 780.-",,Schöpfpapier,,,IMG_0035.HEIC,
DIE VISIONÄRIN,"42 x 42cm, Schöpfpapier, mit Glitzer, in Holzrahmen, Fr. 780.-",,Schöpfpapier,,,IMG_0036.HEIC,
DIE SINNLICHE,"42 x 42cm, Schöpfpapier, mit Glitzer, in Holzrahmen, Fr. 780.-",,Schöpfpapier,,,IMG_0037.HEIC,
DIE WARMHERZIGE,"42 x 42cm, Schöpfpapier, mit Glitzer, in Holzrahmen, Fr. 780.-",,Schöpfpapier,,,IMG_0038.HEIC,
DIE ENTSCHLOSSENE,"42 x 42cm, Schöpfpapier, mit Glitzer, in Holzrahmen, Fr. 780.-",,Schöpfpapier,,,IMG_0039.HEIC,
DIE ZIELSTREBIGE,"42 x 42cm, Schöpfpapier, mit Glitzer, in Holzrahmen, Fr. 780.-",,Schöpfpapier,,,IMG_0040.HEIC,
DIE AUSGEGLICHENE,"42 x 42cm, Schöpfpapier, mit Glitzer, in Holzrahmen, Fr. 780.-",,Schöpfpapier,,,IMG_0043.HEIC,
DIE MUTIGE,"42 x 42cm, Schöpfpapier, mit Glitzer, in Holzrahmen, Fr. 780.-",,Schöpfpapier,,,IMG_0041.HEIC,
DIE SANFTE,"42 x 42cm, Schöpfpapier, mit Glitzer, in Holzrahmen, Fr. 780.-",,Schöpfpapier,,,IMG_0042.HEIC,
DIE EXPERIMENTELLE,"42 x 42cm, Schöpfpapier, mit Glitzer, in Holzrahmen, Fr. 780.-",,Schöpfpapier,,,IMG_0044.HEIC,
DIE MACHERIN,"42 x 42cm, Schöpfpapier, mit Glitzer, in Holzrahmen, Fr. 780.-",,Schöpfpapier,,,IMG_0045.HEIC,
DIE SIEGERIN,"42 x 42cm, Schöpfpapier, mit Glitzer, in Holzrahmen, Fr. 780.-",,Schöpfpapier,,,IMG_0046.HEIC,
DIE FURCHTLOSE,"42 x 42cm, Schöpfpapier, mit Glitzer, in Holzrahmen, Fr. 780.-",,Schöpfpapier,,,IMG_0047.HEIC,
DIE NATURVERBUNDENE,"42 x 42cm, Schöpfpapier, mit Glitzer, in Holzrahmen, Fr. 780.-",,Schöpfpapier,,,IMG_0159.HEIC,
,,,,,,,
,,,,,,,
CAN YOU HEAR IT?,"20 x 20cm, 2006, strukturiert, Mixed Media, Acryl auf Leinwand, Fr. 90.- Fr. 45.-",In der Stille der Muschel lebt das Echo der Weite.,Strukturiert,,,IMG_2749.JPG,
THE FACE,"20 x 20cm, 2006, strukturiert, Mixed Media, Acryl auf Leinwand, Fr. 90.- Fr. 45.-","Das Gesicht ist nicht bloss ein Bild. 
Es ist eine Landschaft.",Strukturiert,,,IMG_2750.JPG,
FEUER,"60 x 60cm, 2004, Mixed Media, Acryl und Lack auf Leinwand, 3D-Herz, Fr. 490.- Fr. 245.-","Feuer vernichtet das Alte und macht Raum für Neues. Es steht für den Moment, in dem man loslässt, um neu zu beginnen.",Strukturiert,,,IMG_3231.JPG,
FEUER WASSER ERDE LUFT,,,Strukturiert,,,IMG_4692.HEIC,
WASSER,"60 x 60cm, 2004, Acryl und Lack auf Leinwand, Licht reflektierend, Fr. 490.- Fr. 245.-","Wasser, ein reinigendes Element, beruhigt und Erinnert uns daran, wie gut es tut, mit dem Leben zu fliessen – beweglich, weich und kraftvoll.",Strukturiert,,,IMG_3232.JPG,
FEUER WASSER ERDE LUFT,,,Strukturiert,,,IMG_4692.HEIC,
ERDE,"60 x 60cm, 2004, Acryl auf Leinwand, Licht reflektierend, Fr. 490.- Fr. 245.-","Die Erde gibt uns Boden unter den Füssen, lässt uns durchatmen und bei uns ankommen.",Strukturiert,,,IMG_3233.JPG,
FEUER WASSER ERDE LUFT,,,Strukturiert,,,IMG_4692.HEIC,
LUFT,"60 x 60cm, 2004, Acryl auf Leinwand, strukturiert mit Federn und Glitzer, Fr. 490.- Fr. 245.-","Luft schenkt Weite – sie füllt uns mit Frische, Leichtigkeit und neuen Gedanken.",Strukturiert,,,IMG_3234.JPG,
FEUER WASSER ERDE LUFT,,,Strukturiert,,,IMG_4692.HEIC,
FEUER WASSER ERDE LUFT,,,Strukturiert,,,IMG_4692.HEIC,
GOLD,"60 x 80cm, 2012, strukturiert mit Sand und Steinen, 24 Karat Blattgold, Acryl auf Leinwand, Fr. 550.- Fr. 275.-",,Strukturiert,,,IMG_3160.JPG,
SILBER,"60 x 80cm, 2012, strukturiert mit Sand und Steinen, mit Perlmutt und Perlmuttstaub, Acryl auf Leinwand, Fr. 550.- Fr. 275.-",,Strukturiert,,,IMG_3161.JPG,
BRONZE,"60 x 80cm, 2012, strukturiert mit Sand und Steinen, Lack, und Acryl auf Leinwand, Fr. 550.- Fr. 275.-",,Strukturiert,,,IMG_3164.JPG,
CHAOTIC,"100 x 160cm, 2010, strukturiert mit Sand, Acryl und Lack auf Leinwand, Fr. 1900.- Fr. 950.-","Was für mich in einem Moment ekstatischer Schöpfung entstand, wirkt auf manche Betrachter beruhigend. Dies offenbart die grosse Bandbreite von Betrachtungsweisen.
Was siehst Du?",Strukturiert,,,IMG_8003.HEIC,
STROMBOLI BY NIGHT,"100 x 160cm, 2011, strukturiert mit Steinen, Acryl auf Leinwand, mit Sand vom Vulkan StromboliFr. 5200.-","Eine Reise nach Kalabrien, die unvergesslich bleibt.
Der Ausflug zu den umliegenden Inseln bei Kalabrien war eine Serie unerwarteter Wendungen. Zunächst das Boot, das kurz nach dem Ablegen in Schwierigkeiten geriet und uns auf einer der Inseln zum Warten zwang. Doch auch das Ersatzboot, das uns schließlich abholen sollte, setzte sich viel zu früh in Bewegung, ohne uns. Doch die zurück gebliebene Crew vom defekten Boot lud uns ein, an einer ""Nachttour auf Stromboli"" teilzunehmen. Die Rückreise in der späten Nacht, unter silbernem Vollmondhimmel, wurde zum unvergesslichen Erlebnis. Der Himmel schien mit uns zu sprechen, als der Vulkan Stromboli spuckte und im Dunkeln die rote Lava aufblitzte. ",Strukturiert,,,IMG_5593.HEIC,
CRUSHED CANS,"33 x 48cm, 2002, Mixed Media, Dosen auf Karton, Fr. 120.- Fr. 60.-","Zerdrückte Dosen – Der letzte Akt des Genusses.
Warum zerdrücken einige Menschen die Alu-Dose nach dem letzten Schluck?
Ist es Frust, weil sie leer ist?
Eine Gewohnheit? Oder weil es sich gut anfühlt?
Letztendlich wird jede Dose zu einem kleinen Kunstwerk.",Strukturiert,,,IMG_8013.HEIC,
BLITZGEDANKEN,"60 x 140cm, fluoreszierend, strukturiert mit Steinen, Acryl und Lack auf Leinwand, Fr. 1900.- Fr. 950.-","Geistesblitze tauchen plötzlich auf, unerwartet und kraftvoll. Sie durchzucken den Verstand wie ein kurzer Lichtschein im Dunkeln.
 
Genau so ist die Idee von diesem Kunstwerk entstanden. 
Dieses Bild ist fluoreszierend. Es leuchtet bei gelöschtem Licht, so wie eine Blitzidee in unseren Köpfen oft noch nachhellt.",Strukturiert,,,IMG_8008.HEIC,
BLITZGEDANKEN,,,,,,IMG_6847.HEIC,
FEEL THE NATUR,"100 x 160cm, strukturiert mit Sand und Steinen, Acryl, Goldstaub und Lack auf Leinwand, Fr. 3500.- Fr. 1750.-","Spüre die stille Kraft der Natur. Fließende Grüntöne und organische Formen werden sichtbar und laden Dich dazu ein, für einen Moment innezuhalten und die Ruhe, Freiheit sowie Lebendigkeit der natürlichen Welt bewusst wahr zu nehmen.",Strukturiert,,,Bildschirmfoto 2026-07-29 um 10.12.38.png,
,,,,,,,
,,,,,,,
WAVE,"100 x 160cm, 2005, Acryl auf Leinwand, Fr. 2800.-","Die trocken-in-trocken-Technik, wie bei diesem Bild angewendet, liess keine Pause zu.  So wie das Wasser niemals ruht, entstand dieses Kunstwerk über mehrere Stunden, an einem Stück.",Unstrukturiert,,,IMG_5598.PNG,
SANDDUNES,"60 x 80cm, 2005, Acryl auf Leinwand, Fr. 380.- Fr. 190.-","Sanddünen sind Landschaften in Bewegung – gezeichnet vom Wind, getragen von der Stille.",Unstrukturiert,,,IMG_8025.HEIC,
RAINBOW SWIFT,"(4er) 10 x10cm bis 30 x 30cm, 2005, Acryl auf Leinwand, Fr. 550.- Fr. 275.-","Der «Regenbogen Segler»:
Er gleitet wie ein Gedanken durch den Wind – leicht, lautlos, leuchtend.",Unstrukturiert,,,IMG_7989.HEIC,
WATER FLOWER,"100 x 160cm, Mixed Media, Acryl auf Leinwand, Fr. 1900.-","Eine Blume, die im Wasser schwebt. Zart wie der Hauch des Windes, ruhig wie der Atem des Sees.
Das Bild lädt ein, den Fluss des Lebens zu beobachten und die eigene innere Ruhe zu finden und zu geniessen.",Unstrukturiert,,,IMG_6876.jpg,
ANIMALS EYES,"80 x 80cm, 2023, Softpastel, auf Leinwand, Fr. 1200.- Fr. 960.-","Die Augen der Tiere: Sie sehen anders – still, ungefragt, durchdringend.
 
Dieses Werk ist rein intuitiv entstanden. Es ist mein einziges in Comic-Stil. Die Entstehung, die Kunstrichtung und Aussage dieses Bildes kann ich nicht deuten. Es bleibt eines meiner geheimnisvollsten Werke.",Unstrukturiert,,,IMG_3745.HEIC,
,,,,,,,
,,,,,,,
LICHTgeschwindigkeit,"60 x 60cm, 2020, Stempeldruck, Fluoreszierend, Acryl & Goldschimmer auf Leinwand, Fr. 990.- Fr. 792.-","In der Kunst zählt nicht das Messen der Zeit, sondern der Moment, der sich wie Licht in alle Richtungen ausdehnt.
 
Fluoreszierend wie ein Glühwürmchen: Dieses Bild ist auch nach dem Licht ausschalten nicht ganz verschwunden.",Stempeldruck,,,IMG_3573.JPG,
LICHTgeschwindigkeit,,,,,,IMG_3569.JPG,
LICHTblick,"60 x 60cm, 2020, Stempeldruck, fluoreszierend, Acryl & Goldschimmer auf Leinwand, Fr. 990.- Fr. 792.-","Lichtblicke zeigen sich oft, wenn man sie am wenigsten erwartet – klein, aber wirkungsvoll. Sie verändern nicht sofort alles, aber sie eröffnen einen neuen Blickwinkel.
 
Fluoreszierend wie ein Glühwürmchen: Dieses Bild ist auch nach dem Licht ausschalten nicht ganz verschwunden.",Stempeldruck,,,IMG_2926.JPG,
blauLICHT,"60 x 60cm, 2020, Stempeldruck, fluoreszierend, Acryl & Goldschimmer auf Leinwand, Fr. 990.- Fr. 792.-","Das Blaulicht beeinflusst unser Schlaf-Wach-Rhythmus. Blaulicht wird in der Therapie eingesetzt oder taucht plötzlich auf als Zeichen, dass Hilfe unterwegs ist. 
Wo vorher Stillstand war, kommt Bewegung rein. 
 
Fluoreszierend wie ein Glühwürmchen: Dieses Bild ist auch nach dem Licht ausschalten nicht ganz verschwunden.",Stempeldruck,,,IMG_2952.JPG,
rückLICHT,"60 x 60cm, 2020, Stempeldruck, fluoreszierend, Acryl & Goldschimmer auf Leinwand, Fr. 990.- Fr. 792.-","Rücklichter geben uns Orientierung, auch wenn nicht alles sichtbar ist.
 
Fluoreszierend wie ein Glühwürmchen: Dieses Bild ist auch nach dem Licht ausschalten nicht ganz verschwunden.",Stempeldruck,,,IMG_3352.JPG,
schLICHT,"40 x 80cm, 2020, Stempeldruck, fluoreszierend, Acryl & Goldschimmer auf Leinwand, Fr. 800.- Fr. 640.-","Weniger ist mehr und manchmal ist «schlicht» auch mehr als genug.
 
Fluoreszierend wie ein Glühwürmchen: Dieses Bild ist auch nach dem Licht ausschalten nicht ganz verschwunden.",Stempeldruck,,,IMG_2940.JPG,
rotLICHT,"40 x 80cm, 2020, Stempeldruck, fluoreszierend, Acryl & Goldschimmer auf Leinwand, Fr. 990.- Fr. 792.-","rotLICHT - das einzige Licht, bei dem sowohl Autos als auch Moralvorstellungen bremsen und in der Dunkelkammer das entwickelt wird, was draußen keiner sehen soll.
 
Fluoreszierend wie ein Glühwürmchen: Dieses Bild ist auch nach dem Licht ausschalten nicht ganz verschwunden.",Stempeldruck,,,IMG_2931.JPG,
hoffnungsLICHT,"60 x 140cm, 2020, Stempeldruck, fluoreszierend, Acryl & Goldschimmer auf Leinwand, Fr. 2100.- Fr. 1680.-","Wer es in sich trägt, lässt sich nicht mehr von der Dunkelheit einnehmen.
Das Hoffnungslicht ist ein sanftes, beständiges Schimmern, das uns auch in dunklen Momenten daran erinnert, dass Veränderungen immer möglich sind.
 
Fluoreszierend wie ein Glühwürmchen: Dieses Bild ist auch nach dem Licht ausschalten nicht ganz verschwunden.",Stempeldruck,,,IMG_2929.JPG,
,,,,,,,
SAKURA,"60 x 140cm, 2016, Stempeldruck, Acryl auf Leinwand, Fr. 2500.-","Jede einzelne Kirschblüte auf diesem Kunstwerk ist von Hand bedruckt. dieses Bild umfasst mehr als 1000 Stempelungen. Jede vollkommene Blüte benötigt drei Drucke. Die wunderschöne Sakura (Kirschblüte), charakterisiert in Japan Schönheit, Aufbruch und Vergänglichkeit und ist das wichtigste Symbol Japans.",Stempeldruck,,,IMG_7532.PNG,
EYE-CATCHER SAKURA,"100 x 160cm, 2016, Stempeldruck, Acryl  und Lack auf Leinwand, Fr. 4800.-","Dieses Bild umfasst über 600 sichtbare Kirschblüten. 
Um den 3D-Effekt zu gestalten, ist jede Blüte drei Mal, mit einem handgefertigten Stempel, gedruckt.
 
Dieses Werk widerspiegelt die wunderschöne Sakura, die Kirschblüte. Sie charakterisiert Schönheit, Aufbruch und Vergänglichkeit und ist eines der wichtigsten Symbole Japan`s.
 
Hanami (Kirschblüte betrachten), ist ein traditionell, japanisches Fest, welches jeden Frühling mit grosser Freude erwartet wird. Familie und Freunde treffe sich, meist mit Bier und Sake, unter den Blüten gefüllten Kirschbäumen, zum Feiern.",Stempeldruck,,,IMG_7535.PNG,
MÄDCHEN MIT KIMONO,"60 x 140cm, Stempeldruck, Acryl auf Leinwand, Fr. 1950.-","Der Kimono ist ein traditionelles, japanisches Kleidungsstück. 
Ein Kimono für Frauen besteht aus mindestens 12 Einzelteilen, für Männer aus fünf. 
 
Kimonos werden vorwiegend zu speziellen Anlässen getragen wie Hochzeiten oder Teezeremonien. ",Stempeldruck,,,IMG_7540.PNG,
TATTOO,"60 x 140cm, Stempel- und Siebdruck, Acryl und Lack auf Leinwand, Fr. 1950.-","Die japanische Mafia, die Yakuza, verwendet seit hunderten von Jahren grossflächige Tätowierungen als Ausdruck der Gruppenzugehörigkeit.
 
Auch heute noch sind Tätowierungen in Japan direkt mit den Yakuza assoziiert, weshalb Tätowierten der Zutritt zu Thermalbädern (Onsen) oder öffentlichen Badehäuser (Sento) meist untersagt ist oder allgemein Tattoo`s öffentlich nicht gezeigt werden.",Stempeldruck,,,IMG_7544.PNG,
ONOMICHI TO IMABARI,"60 x 140cm, 2015, Stempeldruck, Acryl auf Leinwand, Fr. 1950.-","Die ca. 10-Stündige Shimanami Kaido-Fahrradtour führte von Onomichi bis nach Imabari, über sechs Inseln und Sieben Brücken. 
 
Diese Fahrradtour entschleunigt und bietet wunderbare Landschaften. ",Stempeldruck,,,IMG_7539.PNG,
JAPANREISE,"100 x 350cm, Stempeldruck, Acryl auf Leinwand, Fr. 8900.-","Die historischsten Sehenswürdigkeiten, Sportarten und Traditionen Japans auf einem Bild. Ebenfalls zu sehen: meine Reisepunkte durch das Land der aufgehenden Sonne.",Stempeldruck,,,IMG_7829.PNG,
JAPANREISE,,,,,,IMG_7830.PNG,
THE LOVESTORY FROM ASAKUSA,"100 x 100cm, 2015, Stempeldruck, Acryl und Lack auf Leinwand, Fr. 7600.-","Jeder einzelne Buchstabe ist von Hand gestempelt.
 
Das Bild umfasst über 3000 Zeichen und erzählt eine wahre Geschichte einer Schweizerin und eines Holländers, die sich in Asakusa, Japan trafen und sich verliebten.",Stempeldruck,,,IMG_7534.PNG,
TOKYO,"100 x 100cm, 2015, Stempeldruck, Acryl auf Leinwand, Fr. 1850.-","Die bunte, verrückte und lebendigste Stadt Japans, die niemals schläft! Ich war beeindruckt von der Vielfalt, die diese Stadt zu bieten hat.
Wer das exzentrische liebt und die skurrilen Trends sucht, wird hier fündig.
In der Kernstadt mit den 23 Bezirken Tokyo`s leben 
33 bis 37 Millionen Menschen.",Stempeldruck,,,IMG_7536.PNG,
KYOTO,"100 x 100cm, 2015, Stempeldruck, Acryl auf Leinwand, Fr. 1850.-","Bei meiner Reise durch Japan empfand ich das alt traditionelle Kyoto als besonders warmherzig und ruhig.
 
Sicherlich beeinflusst wurde ich bei der Farbwahl des Bildes vom beeindruckenden Fushimi Inari-Taisha Schrein, der aus tausenden, leuchtorangen Torii-Toren aus Holz gebaut wurde und den Berg Inari hoch schlängelt.",Stempeldruck,,,IMG_7537.PNG,
YAKUSHIMA,"100 x 100cm, 2015, Stempeldruck, Acryl auf Leinwand, Fr. 1850.-","Aufgrund seiner artenreichen Flora und den langlebigen Sicheltannen, wurde die kleine Insel Yakushima`s am südlichsten Punkt Japans, zum UNESCO Weltnaturerbe erklärt. 
Die älteste Tanne, die Jōmon Sugi, wird von 
2200 bis 7200 Jahre alt geschätzt. 
 
Nebst den grünen Wäldern für Wanderungen, bietet die Insel auch Wasserfälle, Strände und warme Quellen; die Onsen.",Stempeldruck,,,IMG_7538.PNG,
HIROSHIMA,"100 x 100cm, 2015, Stempeldruck, Mixed Media, Acryl auf Leinwand, Fr. 1850.-","Ich hatte den Eindruck, dass in dieser Stadt die Einheimischen noch ruhiger und bedachter leben, als die Menschen im Norden Japans.
 
Die Stadt wurde im 2. Weltkrieg 1945 von einer Atombombe weitgehend zerstört. 
 
Das Mädchen auf meinem Bild steht Symbolisch für das 12jährige Mädchen Sadako Sasaki, welches mit 2.5 Jahre die Atombombe überlebte, jedoch mit 10 Jahren an Leukämie erkrankt.
 
Eine alte japanische Legende besagt, dass demjenigen, der 1000 Origami-Kraniche faltet, ein Wunsch erfüllt wird. Während ihres Krankenhaus-Aufenthalts faltete Sadako in der Hoffnung auf Heilung rund 1600 Kraniche. 
 
Aufgrund der weltweiten Verbreitung und Anteilnahme, die die Geschichte von Sadako Sasako fand, wurden Origami-Kraniche zu einem Symbol der internationalen Friedensbewegung und des Wiederstandes gegen den Atomkrieg.",Stempeldruck,,,IMG_7541.PNG,
OSAKA,"100 x 100cm, 20016, Stempeldruck, Acryl auf Leinwand, Fr. 1850.-","Die Stadt Osaka bleibt mir als Wirtschaftsstadt mit dem vielen Beton als grau und emotionslos in Erinnerung, obschon sie viel mehr zu bieten hat, hab ich es einfach nicht gesehen.
 
Die Menschen sind hingegen, wie überall im Land, auch hier extrem hilfsbereit und geduldig. 
 
Die weiss-goldene Burg 
`Osaka Castle` blieb mir als beeindruckender Teil der Stadt in Erinnerung. Festgehalten in meinem Kunstwerk als weisses Viereck mit 24 Karat Blattgold.",Stempeldruck,,,IMG_7542.PNG,
DIE SEELE DER JAPANISCHEN YAKUZA,"100 x 100cm, Stempeldruck, Acryl und Lack auf Leinwand, Fr. 1850.-","Die Yakuza ist eine kriminelle Organisation und als Japanische Mafia bekannt. 
 
Yakuza-Mitglieder sind oft an ihren auffälligen Tätowierungen und abgeschnittenen Finger- gliedern als Zeichen der Bestrafung zu erkennen. 
Heute tragen die meisten jedoch Fingerkuppen-Attrappen.
 
In den letzten Jahren hat die japanische Regierung die Yakuza stärker bekämpft, wodurch ihre Mitgliederzahl deutlich gesunken ist. Man schätzt, dass es die Yakuza in einigen Jahren nicht mehr geben wird. 
 
Jedoch haben sich bereits neue Gruppierungen zusammengetan. Z.B. die Tokuryu, welche mit jungen, unabhängigen Halbgängstern bestehen. 
Die Tokuryu überfallen am hellichten Tag Geschäfte oder Menschen auf der Strasse und sorgen so für mehr Unsicherheit und Angst in der Bevölkerung als die Yakuza.",Stempeldruck,,,IMG_7543.PNG,
,,,,,,,
,,,,,,,
PIED DE COQUE,"100 x 100cm, 2017, Stempeldruck, Acryl auf Leinwand, Fr. 1550.-","Das Muster, auch Hahnentritt genannt; entstand im 19. Jahrhundert in Schottland, wo es ursprünglich für robuste Hirtenkleidung genutzt wurde. Im 20 Jahrhundert entdeckte die Haute Couture, insbesondere Christian Dior, das markante Webmuster für elegante Kleidung.",Stempeldruck,,,IMG_0233.JPG,
FREUNDESKREIS,"60 x 60cm, 2018, Stempeldruck, Schablonen-Technik, Acryl, Lack und 24 Karat Blattgold auf Leinwand, Fr. 950.-","Authentizität statt Inszenierung. Ein Blick auf soziale Medien Wahre Freundschaften brauchen keinen Filter. Kein makelloses Bild, keine perfekte Inszenierung. Du darfst du selbst sein. Ungeschminkt, laut oder leise, fröhlich oder verletzlich. Echte Freunde bewerten dich nicht.  Vergiss nie, wer bleibt, wenn dir nichts mehr bleibt.",Stempeldruck,,,IMG_8010.HEIC,
FREUNDSCHAFT,"60 x 60cm, 2018, Stempeldruck, Schablonen-Technik, Acryl, Lack und 24 Karat Blattgold auf Leinwand, Fr. 950.-","Authentizität statt Inszenierung. Ein Blick auf soziale Medien Wahre Freundschaften brauchen keinen Filter. Kein makelloses Bild, keine perfekte Inszenierung. Du darfst du selbst sein. Ungeschminkt, laut oder leise, fröhlich oder verletzlich. Echte Freunde bewerten dich nicht.  Vergiss nie, wer bleibt, wenn dir nichts mehr bleibt.",Stempeldruck,,,IMG_8011.HEIC,
FREUNDE,"40 x 40cm, 2018, Stempeldruck, Schablonen-Technik, Acryl, Lack und 24 Karat Blattgold auf Leinwand, Fr. 650.-","Authentizität statt Inszenierung. Ein Blick auf soziale Medien Wahre Freundschaften brauchen keinen Filter. Kein makelloses Bild, keine perfekte Inszenierung. Du darfst du selbst sein. Ungeschminkt, laut oder leise, fröhlich oder verletzlich. Echte Freunde bewerten dich nicht.  Vergiss nie, wer bleibt, wenn dir nichts mehr bleibt.",Stempeldruck,,,IMG_8012.HEIC,
,,,,,,,
,,,,,,,
SHOWERING MAN,"51 x 71cm inkl. Rahmen, 2000, Fr. 2800.-","DIE KRATZTECHNIK
Mit höchster Sorgfalt wird die schwarze Beschichtung sorgfältig von der Folie abgekratzt. Sei es mit Skalpell, Glasscherben, Teppichmesser oder einem anderen präzisen Gegenstand.
Diese Technik erfordert vollste Konzentration. Ein einziger Fehlgriff kann das gesamte Werk zerschneiden und zunichte machen.",Kratztechnik,,,IMG_5469.JPG,
ROAD BIKERS,"22 x 31cm inkl. Rahmen, 2000, Kratztechnik, Fr. 900.-",,Kratztechnik,,,IMG_5466.JPG,
THOUGHTFUL BLACK BOY,"22 x 31cm inkl. Rahmen, 1999, Kratztechnik, Fr. 900.-",,Kratztechnik,,,IMG_2466.HEIC,
THOUGHTFUL BLACK BOY,"32 x 42cm inkl. Rahmen, 1999, Kratztechnik, Fr. 1500.-",,Kratztechnik,,,IMG_7834.HEIC,
TIGER,"41 x 51cm inkl. Rahmen, 2000, Kratztechnik, Fr. 2400.-",,Kratztechnik,,,IMG_7836.HEIC,
LION,"25 x 25cm inkl. Rahmen, 2000, Kratztechnik, Fr. 690.-",,Kratztechnik,,,IMG_7837.HEIC,
BLACK PANTHER,"30 x 40cm inkl. Rahmen, 2003, Kratztechnik, Fr. 1400.-",,Kratztechnik,,,IMG_7844.HEIC,
SELBSTPORTRAIT,"13 x 18cm inkl. Rahmen, 1999, Kratztechnik, Fr. 490.-",,Kratztechnik,,,IMG_2464.HEIC,
,,,,,,,
,,,,,,,
VERGANGENHEIT,"63 x 93cm inkl. Rahmen, 2025, Gouache und Softpastell auf Papier, Fr. 780.-","Wenn du zurückblickst, wirken manche alten Sorgen fast wie Statisten in einer Komödie. Und doch haben gerade sie dich leise dorthin gebracht, wo dein Lächeln heute wohnt.",Fussmalerei,,,IMG_3995.jpg,
VERGANGENHEIT&ZUKUNFT,,,,,,IMG_3819.HEIC,
ZUKUNFT,"63 x 93cm inkl. Rahmen, 2025, Gouache und Softpastell auf Papier, Fr. 780.-","Blicke stolz nach vorn, als hätte die Zukunft schon einen Platz für dich reserviert. Und falls sie noch nicht ganz fertig ist, bringe einfach deinen Humor mit und hilf beim Einrichten.",Fussmalerei,,,IMG_3989.jpg,
VERGANGENHEIT&ZUKUNFT,,,,,,IMG_3819.HEIC,
DER LETZTE AKT,"100 x 160cm, 2026, reflektierend, Acryl auf Leinwand, Fr. 2300.-","Als letztes Werk entstand dieses Bild in «Dein Kunstraum», getragen von Abschied, Wehmut und einem leisen loslassen, bevor dieser Ort dem Bagger und dem unausweichlichen Ende überlassen wurde. 
Beim Akt des Malens gab sich Claudia vollkommen hin, lediglich bekleidet mit einer String-Body-Bluse.
Es war der Abschluss, der finale Höhepunkt von «Dein Kunstraum» & «Deine Galerie». So entfaltet sich die Doppeldeutigkeit dieses Titels.",Fussmalerei,,,IMG_5563.HEIC,
DER ÖKOLOGISCHE FUSSABDRUCK 2,"60 x 80cm, 2025, reflektierend, Acryl auf Leinwand, Fr. 980.-",An die Umwelt gedacht: Auch Löcher haben seine Vorzüge.. besonders wenn daraus ein Kunstwerk wird.,Fussmalerei,,,IMG_4890.HEIC,
DER ÖKOLOGISCHE FUSSABDRUCK 1,"100 x 160cm, 2025, reflektierend, Acryl auf Leinwand, Fr. 1900.-",An die Umwelt gedacht: Auch Löcher haben seine Vorzüge.. besonders wenn daraus ein Kunstwerk wird.,Fussmalerei,,,IMG_4883.HEIC,
ECHO OHNE SOHLE,"100 x 180cm, 2025, reflektierend, Acryl auf Leinwand, Fr. 2100.-","Dieses Bild ist mit barfüssiger Hingabe gemalt. Ziel: Weniger Plan im Kopf, ganz viel Freiheit in den Füssen.",Fussmalerei,,,IMG_1667.PNG,
KOPFLOS IM FUSS,"100 x 160cm, 2025, reflektierend, Acryl auf Leinwand, Fr. 1900.-","Diese Bild ist mit ganz viel Zehenspitzengefühl entstanden. Ziel: Weniger Plan im Kopf, ganz viel Freiheit in den Füssen.",Fussmalerei,,,IMG_0355.PNG,
FORMEN TANZEN SAMBA,"100 x 180cm, 2025, Gemeinschaftswerk mit Claudia Zemp und Ralf Krauter, Mischtechniken, reflektierend, Acryl auf Leinwand, 9500.-","Zwischen Fussabdruck und Formenlehre entstand ein Bilddialog, der weder gerade noch rund ist, sondern genau richtig verrückt..
Ralf Krauter`s Spezialitäten, die  geometrischen Formen und Claudia Zemp`s Maltechnik mit „Fussspitzengefühl“ führten zu einem fröhlichen Miteinander von Linie, Ecken, Kreise und viel Fussfeinheit und Intuition. 
Wer sich dieses Kunstwerk erwirbt, erhält die volle Power von zwei Kunstschaffenden.",Fussmalerei,,,,
FUSSPERLE ,"60 x 60cm, 2025, Acryl auf Leinwand, Fr. 690.-","MIT DEN FÜSSEN GEMALT.
Wenn Kontrollverlust tanzt.
Diese Bilder entstanden, weil Kontrolle endete und Neugierde begann: Direkt mit den Füssen auf der Leinwand. Ein Perspektivenwechsel, der zum Innehalten einlud – spielerisch, sinnlich und ganz nah am Moment.",Fussmalerei,,,IMG_1425.HEIC,
BARFUSS IM SAND,"60 x 60cm, 2025, Acryl auf Leinwand, Fr. 690.-",,Fussmalerei,,,IMG_1427.HEIC,
HITZFUSS,"60 x 60cm, 2025, Acryl auf Leinwand, Fr. 690.-",,Fussmalerei,,,IMG_1429.HEIC,
TANZ DER FARBEN,"60 x 60cm, 2025, Acryl auf Leinwand, Fr. 690.-",,Fussmalerei,,,IMG_1431.HEIC,
NAGELLACK,"40 x 40cm, 2025, Acryl auf Leinwand, Fr. 480.-",,Fussmalerei,,,IMG_1434.HEIC,
BARFUSSTRAUM,"40 x 40cm, 2025, Acryl auf Leinwand, Fr. 480.-",,Fussmalerei,,,IMG_1435.HEIC,
SOHLENSPEKTAKEL,"40 x 40cm, 2025, Acryl auf Leinwand, Fr. 480.-",,Fussmalerei,,,IMG_1437.HEIC,
SPAZIERGANG IM MEER,"40 x 40cm, 2025, Acryl auf Leinwand, Fr. 480.-",,Fussmalerei,,,IMG_1438.HEIC,
ZU FAUL ZU FUSS,"40 x 40cm, 2025, Acryl auf Leinwand, Fr. 480.-",,Fussmalerei,,,IMG_1441.HEIC,
DIE ZEIT LÄUFT,"40 x 40cm, 2025, Acryl auf Leinwand, Fr. 480.-",,Fussmalerei,,,IMG_1442.HEIC,
FUSSMASSAGE ,"30 x 30cm, 2025, Acryl auf Leinwand, Fr. 360.-",,Fussmalerei,,,IMG_1443.HEIC,
BETRETEN ERLAUBT,"30 x 30cm, 2025, Acryl auf Leinwand, Fr. 360.-",,Fussmalerei,,,IMG_1444.HEIC,
FUSSABDRUCK,"30 x 30cm, 2025, Acryl auf Leinwand, Fr. 360.-",,Fussmalerei,,,IMG_1445.HEIC,
DYNAMIK AUF SOHLEN,"30 x 30cm, 2025, Acryl auf Leinwand, Fr. 360.-",,Fussmalerei,,,IMG_1446.HEIC,
LÄUFT SO…,"30 x 30cm, 2025, Acryl auf Leinwand, Fr. 360.-",,Fussmalerei,,,IMG_1447.HEIC,
SOHLENBRAND ,"20 x 50cm, 2025, Acryl auf Leinwand, Fr. 390.-",,Fussmalerei,,,IMG_1449.HEIC,
FUSSFROST ,"20 x 50cm, 2025, Acryl auf Leinwand, Fr. 390.-",,Fussmalerei,,,IMG_1450.HEIC,
verLAUF,"4 x 20 x 50cm, 2025, Acryl auf Leinwand, Fr. 390.-",,Fussmalerei,,,IMG_1451.HEIC,
ÜBER KOHLE LAUFEN,"40 x 80cm, 2025, Acryl auf Leinwand, Fr. 690.-",,Fussmalerei,,,IMG_1452.HEIC,
,,,,,,,
,,,,,,,
DIE SCHNECKE,"Kaltporzellan, 2025, Länge 11cm, Fr. 40.-",Eile ist der Feind der Aufmerksamkeit.,Skulpturen / 3D,,,IMG_4999.HEIC,
ROYAL SEAT,"Acryl auf Toilettendeckel, nur auf Bestellung, Fr. 690.-","Es muss nicht immer Leinwand oder Papier sein.
Ein kleiner Protest zum grauen Alltag, der das stille Örtchen etwas aufleben lässt.
 
Ein Toilettendeckel mit Füssen bemalt klingt erstmal etwas absurd. Gäste werden es bemerken, ziemlich sicher. Sie werden darauf reagieren und der Gesprächsstoff nimmt Fahrt auf. Garantiert!",Skulpturen / 3D,,,IMG_4995.HEIC,
ROYAL SEAT,,,Skulpturen / 3D,,,IMG_4990.HEIC,
ROYAL SEAT,,,Skulpturen / 3D,,,IMG_1665.PNG,
MONDLICHT,"Höhe 125cm, 2020, fluoreszierend, Mixed Media, Fr. 1100.-",,Skulpturen / 3D,,,IMG_4985.HEIC,
MONDLICHT,,,Skulpturen / 3D,,,IMG_4979.HEIC,
UNSERE ZUKUNFT,"Höhe 57cm, 2025, Mischtechnik mit Gips, Fr. 350.-","Möglicherweise laufen wir in Zukunft gebückt.
Nicht des Alters oder der harten Arbeit wegen, sondern weil wir ständig aufs Handy starren und den Blick fürs Leben verlieren. 
Humor hilft da wenig, denn selbst zum Münzen suchen taugt der Blick nach unten nichts. Bargeld gibt’s in naher Zukunft vielleicht eh keins mehr.",Skulpturen / 3D,,,IMG_0248.HEIC,
UNSERE ZUKUNFT,,,Skulpturen / 3D,,,IMG_0245.HEIC,
BALLENBACHE,,,,,,IMG_3553.HEIC,
BALLENBACHE,"Länge ca. 130cm, Schwemmholz-Leuchte, Holz aus dem Entlebuch LU, 1998, Fr. 900.-","Im Heimatbach gesammelt und zu Hause mit Hochdruck abgespritzt.
Ursprünglich für Stehlampen gedacht, kippte das Schwemmholz-Projekt und fiel ins Wasser.
Und doch, erstaunlich, wie der kreative Funke bei so viel Nässe noch überspringen konnte.
Am Ende wurde das Kunstwerk keine Stehlampe, aber es steht trotzdem ziemlich gut da. Nicht? ",Skulpturen / 3D,,,IMG_8035.HEIC,
BALLENBACH,,,Skulpturen / 3D,,,IMG_6893.HEIC,
HAPPY BIRD,"Länge ca. 30cm, Holz, 2023, Papiermischung und Kaltporzellan, Fr. 120.-","Der glückliche Vogel hat die Superkraft, 
die grausten Tage in bunte Federn zu hüllen. ",Skulpturen / 3D,,,IMG_7985.HEIC,
GROGGY,"Höhe ca. 20cm, 2023, Mixed Media mit Kork, Fr. 120.- ","Der Moment, in dem selbst der Kaffee seufzt und die Seele Barfuss läuft.",Skulpturen / 3D,,,IMG_8116.HEIC,
BESCHWIPST ,"Höhe ca. 20cm, 2023, Mixed Media mit Papier, Fr. 90.- ","Es ist der Zustand, in dem der Verstand kurz Urlaub macht und das Herz ein wenig mutiger wird.",Skulpturen / 3D,,,IMG_8117.HEIC,
SOAP BUBBLES ,"Länge ca 30cm, 2024, Holz, Kaltporzellen und Stoff, Fr. 120.-","Meine Seifenblasen platzen nicht – sie haben sich entschieden, zu bleiben.",Skulpturen / 3D,,,IMG_7987.HEIC,
FOOTPRINT,"SKATEBOARDS 1, 2, und 3, Acryl und Ölpastell auf Skateboards, 2024, Boards Einzeln oder zusammen erhältlich, je Fr. 280.- ","`Doodah` ist ein Sportgeschäft und mit dem Fumetto Comic Festival Luzern in Kooperation. Künstlerinnen und Künstler gestalten dafür individuell Skate-und Snowboards. Ich wurde von Doodah eingeladen, Teil dieser besonderen Ausstellung zu sein.
 
Die Boards wurden stilecht mit den Füssen grundiert – schließlich steht man ja nicht mit den Händen drauf. Veredelt sind die Werke ganz intuitiv mit Ölpastell und Acrylstifte. Ein kreatives Zusammenspiel von Fussarbeit und Freigeist.",Skulpturen / 3D,,,IMG_4447.HEIC,
FOOTPRINT,,,,,,IMG_4672.PNG,
FOOTPRINT,,,,,,Mein Film 1.mov,
LISTEN,"Länge ca. 20cm, 2023, Kaltporzellan, Fr. 60.-","Wer zuhört, öffnet eine Tür, durch die Worte, Gefühle und kleine Geheimnisse eintreten dürfen.",Skulpturen / 3D,,,IMG_8112.HEIC,
,,,,,,,
,,,,,,,
DIE GIERDE,"21 x 30cm, inkl. Rahmen, 2025, Gelli-Print, grün schimmernd, Fr. 260.-","Ein leiser Blick in die Welt der Fantasien, die uns vertrauter sind, als wir je zugeben würden.",Verführung/Erotik,,,IMG_3999.HEIC,
DIE GIERDE,,,Verführung/Erotik,,,IMG_4014.HEIC,
UNZUCHT,"21 x 30cm, inkl. Rahmen, 2025, Gelli-Print, grün-schimmernd, 2025, Fr. 260.-","Kunst darf zeigen, was Worte oft lieber verschweigen.",Verführung/Erotik,,,IMG_4001.HEIC,
UNZUCHT,,,Verführung/Erotik,,,IMG_4013.HEIC,
LUST,"23 x 31cm inkl. Rahmen, 2025, Gelli-Print, grün-schimmernd, 2025, Fr. 240.-",Fantasie ist etwas ganz Menschliches,Verführung/Erotik,,,IMG_3998.HEIC,
DESSSOU,"32 x 32cm inkl. Rahmen, 2025, Acryl-Druck auf Papier",,Verführung/Erotik,,,IMG_0285.HEIC,
KELLY TRUMP,"32 x 32cm inkl. Rahmen, 2025, Acryl-Druck auf Papier",,Verführung/Erotik,,,IMG_3717.HEIC,
,,,,,,,
,,,,,,,
DER REGENWURM,"13 x 18cm inkl. Rahmen, 2026, Linoldruck auf Papier, Fr 60.-",Nur ein Regenwurm kann einen Apfel von innen lachen hören.,Linoldruck,,,IMG_3813.HEIC,
DER RÖHRENWURM,"13 x 18cm inkl. Rahmen, 2026, Linoldruck auf Papier, Fr 60.-",Nur der Röhrenwurm versteht das Flüstern des Sandes und Schlamms.,Linoldruck,,,IMG_3817.HEIC,
DER NACKTWURM,"13 x 18cm inkl. Rahmen, 2026, Linoldruck auf Papier, Fr 60.-","Nur ein Nacktwurm weiss, wo das beste Blatt zum Chillen liegt.",Linoldruck,,,IMG_3814.HEIC,
DER BLUTEGEL,"13 x 18cm inkl. Rahmen, 2026, Linoldruck auf Papier, Fr 60.-","Nur ein Blutegel weiss, wo das Wasser still ist, die Pflanzen sanft schaukeln und niemand seine Ruhe stört.",Linoldruck,,,IMG_3815.HEIC,
DER BORSTENWURM,"13 x 18cm inkl. Rahmen, 2026, Linoldruck auf Papier, Fr 60.-","Nur der Borstenwurm weiß, wie schön das Leben ist, wenn die Strömung sanft trägt, der Meeresboden weich ist und niemand die Stille der Tiefe stört.",Linoldruck,,,IMG_3816.HEIC,
NACHTWURM,"13 x 18cm inkl. Rahmen, 2026, Linoldruck auf Papier, Fr 60.-","Nur der Nachtwurm weiß, wie friedlich die Welt ist, wenn die Dunkelheit ihn schützt und die Erde leise atmet.",Linoldruck,,,IMG_3818.HEIC,
MEERESBORSTENWURM,"13 x 18cm inkl. Rahmen, 2026, Linoldruck auf Papier, Fr 60.-","Nur ein Meeresborstenwurm weiß, dass ein Umzug leichter ist, wenn man sein Zuhause einfach untergräbt.",Linoldruck,,,IMG_4284.HEIC,
,,,,,,,
,,,,,,,
WOODPECKER LIGHT GRAY,"35 x 50cm inkl. Rahmen, 1999, 1/1, Holzdruck auf Papier, Fr. 480.-","Woodpecker - der Holzspecht. 
Wenn schon hacken, dann mit Stil, dachte sich der Specht - und «klopfte» die gesammelten Spuren ins Holz. So entstand ein Muster aus dem, was ihm auf seinen Wegen begegnete. Erkennst Du die Formen?",Holzdruck,,,IMG_2353.HEIC,
WOODPECKER,,,Holzdruck,,,IMG_8042.HEIC,
WOODPECKER  WHITE,"35 x 50cm inkl. Rahmen, 1999, 1/1, Holzdruck auf Papier, Fr. 480.-",,Holzdruck,,,IMG_2363.HEIC,
WOODPECKER  BLUE,"35 x 50cm inkl. Rahmen, 1999, 1/1, Holzdruck auf Papier, Fr. 480.-",,Holzdruck,,,IMG_2359.HEIC,
WOODPECKER  ORANGE,"35 x 50cm inkl. Rahmen, 1999, 1/1, Holzdruck auf Papier, Fr. 480.-",,Holzdruck,,,IMG_2365.HEIC,
WOODPECKER  ROYAL BLUE,"35 x 50cm inkl. Rahmen, 1999, 1/1, Holzdruck auf Papier, Fr. 480.-",,Holzdruck,,,IMG_2367.HEIC,
WOODPECKER BLACK,"35 x 50cm inkl. Rahmen, 1999, 1/1, Holzdruck auf Papier, Fr. 480.-",,Holzdruck,,,IMG_2369.HEIC,
,,,,,,,
,,,,,,,
MORGAN FREEMAN,"32 x 32cm inkl. Rahmen, 2025, Acryl-Druck auf Papier",Wenn der Klatsch kunstvoll zum Abklatsch wird. Abgegriffene Zeitschriften werden stilvoll recycelt.,Gelli-Print,Bekannte Personen,,IMG_9876.HEIC,
DWAYNE JOHNSON,"32 x 32cm inkl. Rahmen, 2025, Acryl-Druck auf Papier",,Gelli-Print,Bekannte Personen,,IMG_9938.HEIC,
CARA DELEVINGNE,"32 x 32cm inkl. Rahmen, 2025, Acryl-Druck auf Papier",,Gelli-Print,Bekannte Personen,,IMG_9939.HEIC,
ICE CUBE - BELLA HADID,"32 x 32cm inkl. Rahmen, 2025, Acryl-Druck auf Papier",,Gelli-Print,Bekannte Personen,,IMG_0290.HEIC,
ADELE,"32 x 32cm inkl. Rahmen, 2025, Acryl-Druck auf Papier",,Gelli-Print,Bekannte Personen,,IMG_1564.HEIC,
ADELE IN PINK,"32 x 32cm inkl. Rahmen, 2025, Acryl-Druck auf Papier",,Gelli-Print,Bekannte Personen,,IMG_2726.HEIC,
MAX FRISCH,"32 x 32cm inkl. Rahmen, 2025, Acryl-Druck auf Papier",,Gelli-Print,Bekannte Personen,,IMG_2730.HEIC,
JULIA ROBERTS 2,"32 x 32cm inkl. Rahmen, 2025, Acryl-Druck auf Papier",,Gelli-Print,Bekannte Personen,,IMG_3709.HEIC,
,,,,,,,
,,,,,,,
DER KÖNIG,"32 x 32cm inkl. Rahmen, 2025, Acryl-Druck auf Papier",,Gelli-Print,Diverses,,IMG_9877.HEIC,
DIE EINZIGARTIGE,"32 x 32cm inkl. Rahmen, 2025, Acryl-Druck auf Papier",,Gelli-Print,Diverses,,IMG_9878.HEIC,
HU-HUU,"32 x 32cm inkl. Rahmen, 2025, Acryl-Druck auf Papier",,Gelli-Print,Diverses,,IMG_9885.HEIC,
DANCE,"32 x 32cm inkl. Rahmen, 2025, Acryl-Druck auf Papier",,Gelli-Print,Diverses,,IMG_1576.HEIC,
ZÜRICH,"32 x 32cm inkl. Rahmen, 2025, Acryl-Druck auf Papier",,Gelli-Print,Diverses,,IMG_1690.HEIC,
ZÜRICH,,,Gelli-Print,Diverses,,IMG_3929.HEIC,
DAS MÄDCHEN IM LIEGESTUHL,"32 x 32cm inkl. Rahmen, 2025, Acryl-Druck auf Papier",,Gelli-Print,Diverses,,IMG_2727.HEIC,
MYSTERY DOCTOR,"32 x 32cm inkl. Rahmen, 2025, Acryl-Druck auf Papier",,Gelli-Print,Diverses,,IMG_3399.HEIC,
DIE VILLA,"32 x 32cm inkl. Rahmen, 2025, Acryl-Druck auf Papier",,Gelli-Print,Diverses,,IMG_4224.HEIC,
BRIDGE AT NIGHT,"32 x 32cm inkl. Rahmen, 2025, Acryl-Druck auf Papier",,Gelli-Print,Diverses,,IMG_4746.HEIC,
TENT AT NIGHT,"32 x 32cm inkl. Rahmen, 2025, Acryl-Druck auf Papier",,Gelli-Print,Diverses,,IMG_4747.HEIC,
ANTIKE,"32 x 32cm inkl. Rahmen, 2025, Acryl-Druck auf Papier",,Gelli-Print,Diverses,,IMG_4795.HEIC,
,,,,,,,
,,,,,,,
HOT SOMMER,"32 x 32cm inkl. Rahmen, 2025, Acryl-Druck auf Papier",,Gelli-Print,Mode,,IMG_9881.HEIC,
KISS THE HEEL,"32 x 32cm inkl. Rahmen, 2025, Acryl-Druck auf Papier",,Gelli-Print,Mode,,IMG_9882.HEIC,
INDIGO,"32 x 32cm inkl. Rahmen, 2025, Acryl-Druck auf Papier",,Gelli-Print,Mode,,IMG_1567.HEIC,
KLEIDERARCHITEKTUR,"32 x 32cm inkl. Rahmen, 2025, Acryl-Druck auf Papier",,Gelli-Print,Mode,,IMG_1570.HEIC,
SMOKING CIGAR,"32 x 32cm inkl. Rahmen, 2025, Acryl-Druck auf Papier",,Gelli-Print,Mode,,IMG_0279.HEIC,
TREND-ZEIT,"32 x 32cm inkl. Rahmen, 2025, Acryl-Druck auf Papier",,Gelli-Print,Mode,,IMG_0288.HEIC,
AUSGETRAGEN,"32 x 32cm inkl. Rahmen, 2025, Acryl-Druck auf Papier",,Gelli-Print,Mode,,IMG_1554.HEIC,
HERZSTÜCK,"32 x 32cm inkl. Rahmen, 2025, Acryl-Druck auf Papier",,Gelli-Print,Mode,,IMG_1555.HEIC,
TRENDSTURZ,"32 x 32cm inkl. Rahmen, 2025, Acryl-Druck auf Papier",,Gelli-Print,Mode,,IMG_1557.HEIC,
VERPACKUNG,"32 x 32cm inkl. Rahmen, 2025, Acryl-Druck auf Papier",,Gelli-Print,Mode,,IMG_1558.HEIC,
DIE ZWEITE HAUT,"32 x 32cm inkl. Rahmen, 2025, Acryl-Druck auf Papier",,Gelli-Print,Mode,,IMG_1559.HEIC,
WEICHE SCHALE,"32 x 32cm inkl. Rahmen, 2025, Acryl-Druck auf Papier",,Gelli-Print,Mode,,IMG_1560.HEIC,
SOFTE HÜLLE,"32 x 32cm inkl. Rahmen, 2025, Acryl-Druck auf Papier",,Gelli-Print,Mode,,IMG_1561.HEIC,
,,,,,,,
,,,,,,,
ABRISSBIRNE,"32 x 32cm inkl. Rahmen, 2025, Acryl-Druck auf Papier",,Gelli-Print,Gesichter,,IMG_9884.HEIC,
SEHNSUCHT,"32 x 32cm inkl. Rahmen, 2025, Acryl-Druck auf Papier",,Gelli-Print,Gesichter,,IMG_9888.HEIC,
SUNGLASSES,"32 x 32cm inkl. Rahmen, 2025, Acryl-Druck auf Papier",,Gelli-Print,Gesichter,,IMG_0283.HEIC,
MASKIERT MIT STIL,"32 x 32cm inkl. Rahmen, 2025, Acryl-Druck auf Papier",,Gelli-Print,Gesichter,,IMG_1566.HEIC,
OHRiginell,"32 x 32cm inkl. Rahmen, 2025, Acryl-Druck auf Papier",,Gelli-Print,Gesichter,,IMG_1568.HEIC,
SANFTE ERSCHÖPFUNG,"32 x 32cm inkl. Rahmen, 2025, Acryl-Druck auf Papier",,Gelli-Print,Gesichter,,IMG_1689.HEIC,
RED HAIR,"32 x 32cm inkl. Rahmen, 2025, Acryl-Druck auf Papier",,Gelli-Print,Gesichter,,IMG_4221.HEIC,
DURCHBLICK,"32 x 32cm inkl. Rahmen, 2025, Acryl-Druck auf Papier",,Gelli-Print,Gesichter,,IMG_4738.HEIC,
HER SECRET,"32 x 32cm inkl. Rahmen, 2025, Acryl-Druck auf Papier",,Gelli-Print,Gesichter,,IMG_4744.HEIC,
SIGNORA,"32 x 32cm inkl. Rahmen, 2025, Acryl-Druck auf Papier",,Gelli-Print,Gesichter,,IMG_3665.HEIC,
,,,,,,,
,,,,,,,
BASEBALL,"32 x 32cm inkl. Rahmen, 2025, Acryl-Druck auf Papier",,Gelli-Print,Sport,,IMG_3710.HEIC,
FUSSBALL,"32 x 32cm inkl. Rahmen, 2025, Acryl-Druck auf Papier",,Gelli-Print,Sport,,IMG_3711.HEIC,
BOWLING,"32 x 32cm inkl. Rahmen, 2025, Acryl-Druck auf Papier",,Gelli-Print,Sport,,IMG_3712.HEIC,
BILLARD,"32 x 32cm inkl. Rahmen, 2025, Acryl-Druck auf Papier",,Gelli-Print,Sport,,IMG_3714.HEIC,
,,,,,,,
,,,,,,,
ZEIT MASCHINE,"32 x 32cm inkl. Rahmen, 2025, Acryl-Druck auf Papier",,Gelli-Print,Auto/Motorrad/Uhren,,IMG_0277.HEIC,
ZEIT MASCHINE,,,Gelli-Print,Auto/Motorrad/Uhren,,IMG_0276.HEIC,
PO-PULÄR,"32 x 32cm inkl. Rahmen, 2025, Acryl-Druck auf Papier",,Gelli-Print,Auto/Motorrad/Uhren,,IMG_0291.HEIC,
ENJOY YOUR TIME,"32 x 32cm inkl. Rahmen, 2025, Acryl-Druck auf Papier",,Gelli-Print,Auto/Motorrad/Uhren,,IMG_0298.HEIC,
REISEZEIT,"32 x 32cm inkl. Rahmen, 2025, Acryl-Druck auf Papier",,Gelli-Print,Auto/Motorrad/Uhren,,IMG_0300.HEIC,
REISEZEIT,,,Gelli-Print,Auto/Motorrad/Uhren,,IMG_0301.HEIC,
SCHÖNWETTERFLIEGER,"32 x 32cm inkl. Rahmen, 2025, Acryl-Druck auf Papier",,Gelli-Print,Auto/Motorrad/Uhren,,IMG_1687.HEIC,
OLD CAR,"32 x 32cm inkl. Rahmen, 2025, Acryl-Druck auf Papier",,Gelli-Print,Auto/Motorrad/Uhren,,IMG_3715.HEIC,
ZEITGEIST,"32 x 32cm inkl. Rahmen, 2025, Acryl-Druck auf Papier",,Gelli-Print,Auto/Motorrad/Uhren,,IMG_4754.HEIC,
GENUSS,"32 x 32cm inkl. Rahmen, 2025, Acryl-Druck auf Papier",,Gelli-Print,Auto/Motorrad/Uhren,,IMG_4776.HEIC,
,,,,,,,
,,,,,,,
DESSSOU,"32 x 32cm inkl. Rahmen, 2025, Acryl-Druck auf Papier",,Gelli-Print,Verführung/Erotic,,IMG_0285.HEIC,
KELLY TRUMP,"32 x 32cm inkl. Rahmen, 2025, Acryl-Druck auf Papier",,Gelli-Print,Verführung/Erotic,,IMG_3717.HEIC,
PO-LARISIERT,"32 x 32cm inkl. Rahmen, 2025, Acryl-Druck auf Papier",,Gelli-Print,Verführung/Erotic,,IMG_4757.HEIC,
DIE GIERDE,"21 x 30cm, inkl. Rahmen, 2025, Gelli-Print, grün schimmernd, Fr. 260.-","Ein leiser Blick in die Welt der Fantasien, die uns vertrauter sind, als wir je zugeben würden.",Gelli-Print,Verführung/Erotic,,IMG_3999.HEIC,
DIE GIERDE,,,Gelli-Print,Verführung/Erotic,,IMG_4014.HEIC,
UNZUCHT,"21 x 30cm, inkl. Rahmen, 2025, Gelli-Print, grün-schimmernd, 2025, Fr. 260.-","Kunst darf zeigen, was Worte oft lieber verschweigen.",Gelli-Print,Verführung/Erotic,,IMG_4001.HEIC,
UNZUCHT,,,Gelli-Print,Verführung/Erotic,,IMG_4013.HEIC,
LUST,"23 x 31cm inkl. Rahmen, 2025, Gelli-Print, grün-schimmernd, 2025, Fr. 240.-",Fantasie ist etwas ganz Menschliches,Gelli-Print,Verführung/Erotic,,IMG_3998.HEIC,
,,,,,,,
,,,,,,,
SERIE 1 MODE 4er,"Je 32 x 32cm inkl. Rahmen, 2025, Acryl-Druck auf Papier",Dies sind Serienvorschläge. Es können selbstverständlich andere Serien-Zusammenstellungen gemacht werden. Es gibt unendliche Möglichkeiten. Ich helfe gerne dabe.,Gelli-Print,Serien,,IMG_1571.HEIC,
SERIE 2 MODE 2er,"Je 32 x 32cm inkl. Rahmen, 2025, Acryl-Druck auf Papier",,Gelli-Print,Serien,,IMG_3873.HEIC,
SERIE 3 GESICHTER,"Je 32 x 32cm inkl. Rahmen, 2025, Acryl-Druck auf Papier",,Gelli-Print,Serien,,IMG_4742.HEIC,
SERIE 4 NIGHT,"Je 32 x 32cm inkl. Rahmen, 2025, Acryl-Druck auf Papier",,Gelli-Print,Serien,,IMG_4745.HEIC,
SERIE 5 PRADA,"Je 32 x 32cm inkl. Rahmen, 2025, Acryl-Druck auf Papier",,Gelli-Print,Serien,,IMG_4748.HEIC,
SERIE 6 SCHIRM,"Je 32 x 32cm inkl. Rahmen, 2025, Acryl-Druck auf Papier",,Gelli-Print,Serien,,IMG_4749.HEIC,
SERIE 7 HAWAII,"Je 32 x 32cm inkl. Rahmen, 2025, Acryl-Druck auf Papier",,Gelli-Print,Serien,,IMG_4750.HEIC,
SERIE 8 MOTORRAD,"Je 32 x 32cm inkl. Rahmen, 2025, Acryl-Druck auf Papier",,Gelli-Print,Serien,,IMG_4753.HEIC,
SERIE 9 VERFÜHRUNG,"Je 32 x 32cm inkl. Rahmen, 2025, Acryl-Druck auf Papier",,Gelli-Print,Serien,,IMG_4755.HEIC,
SERIE 10 LADIES,"Je 32 x 32cm inkl. Rahmen, 2025, Acryl-Druck auf Papier",,Gelli-Print,Serien,,IMG_4758.HEIC,
SERIE 11 4er SCHWAR-WEISS,"Je 32 x 32cm inkl. Rahmen, 2025, Acryl-Druck auf Papier",,Gelli-Print,Serien,,IMG_4759.HEIC,
SERIE 12 3er SCHWAR-WEISS,"Je 32 x 32cm inkl. Rahmen, 2025, Acryl-Druck auf Papier",,Gelli-Print,Serien,,IMG_4760.HEIC,
SERIE 13 STIEFEL,"Je 32 x 32cm inkl. Rahmen, 2025, Acryl-Druck auf Papier",,Gelli-Print,Serien,,IMG_4761.HEIC,
SERIE 14 CHANEL,"Je 32 x 32cm inkl. Rahmen, 2025, Acryl-Druck auf Papier",,Gelli-Print,Serien,,IMG_4772.HEIC,
SERIE 15 VERBLASST,"Je 32 x 32cm inkl. Rahmen, 2025, Acryl-Druck auf Papier",,Gelli-Print,Serien,,IMG_4774.HEIC,
SERIE 16 ORANGE-GRÜN,"Je 32 x 32cm inkl. Rahmen, 2025, Acryl-Druck auf Papier",,Gelli-Print,Serien,,IMG_4775.HEIC,
SERIE 16 8er VERFÜHRUNG,"Je 32 x 32cm inkl. Rahmen, 2025, Acryl-Druck auf Papier",,Gelli-Print,Serien,,IMG_4777.HEIC,
SERIE 17 INDUSTRIE,"Je 32 x 32cm inkl. Rahmen, 2025, Acryl-Druck auf Papier",,Gelli-Print,Serien,,IMG_4778.HEIC,
SERIE 18 BRILLEN,"Je 32 x 32cm inkl. Rahmen, 2025, Acryl-Druck auf Papier",,Gelli-Print,Serien,,IMG_4781.HEIC,
SERIE 19 GESICHTER,"Je 32 x 32cm inkl. Rahmen, 2025, Acryl-Druck auf Papier",,Gelli-Print,Serien,,IMG_4782.HEIC,
SERIE 20 4er SCHLEIERHAFT,"Je 32 x 32cm inkl. Rahmen, 2025, Acryl-Druck auf Papier",,Gelli-Print,Serien,,IMG_4785.HEIC,
SERIE 21 5er LADIES,"Je 32 x 32cm inkl. Rahmen, 2025, Acryl-Druck auf Papier",,Gelli-Print,Serien,,IMG_4786.HEIC,
SERIE 22 MYSTIC,"Je 32 x 32cm inkl. Rahmen, 2025, Acryl-Druck auf Papier",,Gelli-Print,Serien,,IMG_4787.HEIC,
SERIE 23 4er SPORT,"Je 32 x 32cm inkl. Rahmen, 2025, Acryl-Druck auf Papier",,Gelli-Print,Serien,,IMG_4789.HEIC,
SERIE 24 FACES1,"Je 32 x 32cm inkl. Rahmen, 2025, Acryl-Druck auf Papier",,Gelli-Print,Serien,,IMG_4790.HEIC,
SERIE 25 FACES2,"Je 32 x 32cm inkl. Rahmen, 2025, Acryl-Druck auf Papier",,Gelli-Print,Serien,,IMG_4791.HEIC,
SERIE 26 FACES3,"Je 32 x 32cm inkl. Rahmen, 2025, Acryl-Druck auf Papier",,Gelli-Print,Serien,,IMG_4792.HEIC,
SERIE 27 MIXED,"Je 32 x 32cm inkl. Rahmen, 2025, Acryl-Druck auf Papier",,Gelli-Print,Serien,,IMG_4793.HEIC,
SERIE 28 PINK-ORANGE,"Je 32 x 32cm inkl. Rahmen, 2025, Acryl-Druck auf Papier",,Gelli-Print,Serien,,IMG_4794.HEIC,
SERIE 29 MIXED2,"Je 32 x 32cm inkl. Rahmen, 2025, Acryl-Druck auf Papier",,Gelli-Print,Serien,,IMG_4796.HEIC,
SERIE 30 GELB-PINK,"Je 32 x 32cm inkl. Rahmen, 2025, Acryl-Druck auf Papier",,Gelli-Print,Serien,,IMG_4875.HEIC,
,,,,,,,
,,,,,,,
DANCE,"23 x 32cm inkl. Rahmen, 2025, Acryl-Druck auf Papier",,Gelli-Print,Hochformat,,IMG_2601.HEIC,
WER BIN ICH?,"23 x 32cm inkl. Rahmen, 2025, Acryl-Druck auf Papier",,Gelli-Print,Hochformat,,IMG_2602.HEIC,
DER PO,"23 x 32cm inkl. Rahmen, 2025, Acryl-Druck auf Papier",,Gelli-Print,Hochformat,,IMG_3927.HEIC,
SHINE,"23 x 32cm inkl. Rahmen, 2025, Acryl-Druck auf Papier",,Gelli-Print,Hochformat,,IMG_4211.HEIC,
EINZELSTÜCKE HOCHFORMAT,"23 x 32cm inkl. Rahmen, 2025, Acryl-Druck auf Papier",,Gelli-Print,Hochformat,,IMG_4788.HEIC,
,,,,,,,
,,,,,,,
ALFREDO,"20 x 30cm, 2025, Acryl auf 100% Kork, Fr. 120.-","Auf altem Kork entstehen bunte `Gute-Laune-Figuren`. Ein bisschen verrückt, recyclingfreundlich und garantiert fröhlich.
Inspiriert vom Alltag, der Fantasie und dem ganz normalen Wahnsinn, feiern diese Bilder das Leben mit einem Augenzwinkern. ",Kork,,,IMG_0893.HEIC,
DER ZAUBER,"20 x 30cm, 2025, Acryl auf 100% Kork, Fr. 120.-",,Kork,,,IMG_1301.HEIC,
ANGSTFRESSER,"20 x 30cm, 2025, Acryl auf 100% Kork, Fr. 120.-",,Kork,,,IMG_1302.HEIC,
DER SCHREI,"20 x 30cm, 2025, Acryl auf 100% Kork, Fr. 120.-",,Kork,,,IMG_1305.HEIC,
GILMOR,"20 x 30cm, 2025, Acryl auf 100% Kork, Fr. 120.-",,Kork,,,IMG_1306.HEIC,
SPAGI,"20 x 30cm, 2025, Acryl auf 100% Kork, Fr. 120.-",,Kork,,,IMG_1309.HEIC,
GIRLIE,"20 x 30cm, 2025, Acryl auf 100% Kork, Fr. 120.-",,Kork,,,IMG_1313.HEIC,
S`BLÜEMLI,"20 x 30cm, 2025, Acryl auf 100% Kork, Fr. 120.-",,Kork,,,IMG_1315.HEIC,
MORENO,"20 x 30cm, 2025, Acryl auf 100% Kork, Fr. 120.-",,Kork,,,IMG_1492.HEIC,
GIULIO,"20 x 30cm, 2025, Acryl auf 100% Kork, Fr. 120.-",,Kork,,,IMG_1496.HEIC,
HELGA,"20 x 30cm, 2025, Acryl auf 100% Kork, Fr. 120.-",,Kork,,,IMG_1823.HEIC,
GUCK-LOCH,"20 x 30cm, 2025, Acryl auf 100% Kork, Fr. 120.-",,Kork,,,IMG_1927.HEIC,
BRUNHILDE,"20 x 30cm, 2025, Acryl auf 100% Kork, Fr. 120.-",,Kork,,,IMG_2048.JPG,
TANZORA,"20 x 30cm, 2025, Acryl auf 100% Kork, Fr. 120.-",,Kork,,,IMG_2282.HEIC,
DÄMMERFLUG,"20 x 30cm, 2025, Acryl auf 100% Kork, Fr. 120.-",,Kork,,,IMG_2958.HEIC,
SCHNABELLA,"20 x 30cm, 2025, Acryl auf 100% Kork, Fr. 120.-",,Kork,,,IMG_2960.HEIC,
PLUTO,"20 x 30cm, 2025, Acryl auf 100% Kork, Fr. 120.-",,Kork,,,IMG_2969.HEIC,
TAPSI,"20 x 30cm, 2025, Acryl auf 100% Kork, Fr. 120.-",,Kork,,,IMG_3001.HEIC,
TIRED,"20 x 30cm, 2025, Acryl auf 100% Kork, Fr. 120.-",,Kork,,,IMG_3007.HEIC,
FUNNY,"20 x 30cm, 2025, Acryl auf 100% Kork, Fr. 120.-",,Kork,,,IMG_3008.HEIC,
DUCKY,"20 x 30cm, 2025, Acryl auf 100% Kork, Fr. 120.-",,Kork,,,IMG_3069.HEIC,
NACHTZAHN,"20 x 30cm, 2025, Acryl auf 100% Kork, Fr. 120.-",,Kork,,,IMG_3410.HEIC,
DIE FLIEGE,"20 x 30cm, 2025, Acryl auf 100% Kork, Fr. 120.-",,Kork,,,IMG_6268.HEIC,
,,,,,,,
,,,,,,,
,,,,,,,
CAN YOU HEAR IT?,"20 x 20cm, 2006, strukturiert, Mixed Media, Acryl auf Leinwand, Fr. 90.- Fr. 45.-",In der Stille der Muschel lebt das Echo der Weite.,ART SALE COLLECTION,,,IMG_2749.JPG,
THE FACE,"20 x 20cm, 2006, strukturiert, Mixed Media, Acryl auf Leinwand, Fr. 90.- Fr. 45.-","Das Gesicht ist nicht bloss ein Bild. 
Es ist eine Landschaft.",ART SALE COLLECTION,,,IMG_2750.JPG,
FEUER,"60 x 60cm, 2004, Mixed Media, Acryl und Lack auf Leinwand, 3D-Herz, Fr. 490.- Fr. 245.-","Feuer vernichtet das Alte und macht Raum für Neues. Es steht für den Moment, in dem man loslässt, um neu zu beginnen.",ART SALE COLLECTION,,,IMG_3231.JPG,
FEUER WASSER ERDE LUFT,,,ART SALE COLLECTION,,,IMG_4692.HEIC,
WASSER,"60 x 60cm, 2004, Acryl und Lack auf Leinwand, Licht reflektierend, Fr. 490.- Fr. 245.-","Wasser, ein reinigendes Element, beruhigt und Erinnert uns daran, wie gut es tut, mit dem Leben zu fliessen – beweglich, weich und kraftvoll.",ART SALE COLLECTION,,,IMG_3232.JPG,
FEUER WASSER ERDE LUFT,,,ART SALE COLLECTION,,,IMG_4692.HEIC,
ERDE,"60 x 60cm, 2004, Acryl auf Leinwand, Licht reflektierend, Fr. 490.- Fr. 245.-","Die Erde gibt uns Boden unter den Füssen, lässt uns durchatmen und bei uns ankommen.",ART SALE COLLECTION,,,IMG_3233.JPG,
FEUER WASSER ERDE LUFT,,,ART SALE COLLECTION,,,IMG_4692.HEIC,
LUFT,"60 x 60cm, 2004, Acryl auf Leinwand, strukturiert mit Federn und Glitzer, Fr. 490.- Fr. 245.-","Luft schenkt Weite – sie füllt uns mit Frische, Leichtigkeit und neuen Gedanken.",ART SALE COLLECTION,,,IMG_3234.JPG,
FEUER WASSER ERDE LUFT,,,ART SALE COLLECTION,,,IMG_4692.HEIC,
FEUER WASSER ERDE LUFT,,,ART SALE COLLECTION,,,IMG_4692.HEIC,
GOLD,"60 x 80cm, 2012, strukturiert mit Sand und Steinen, 24 Karat Blattgold, Acryl auf Leinwand, Fr. 550.- Fr. 275.-",,ART SALE COLLECTION,,,IMG_3160.JPG,
SILBER,"60 x 80cm, 2012, strukturiert mit Sand und Steinen, mit Perlmutt und Perlmuttstaub, Acryl auf Leinwand, Fr. 550.- Fr. 275.-",,ART SALE COLLECTION,,,IMG_3161.JPG,
BRONZE,"60 x 80cm, 2012, strukturiert mit Sand und Steinen, Lack, und Acryl auf Leinwand, Fr. 550.- Fr. 275.-",,ART SALE COLLECTION,,,IMG_3164.JPG,
CHAOTIC,"100 x 160cm, 2010, strukturiert mit Sand, Acryl und Lack auf Leinwand, Fr. 1900.- Fr. 950.-","Was für mich in einem Moment ekstatischer Schöpfung entstand, wirkt auf manche Betrachter beruhigend. Dies offenbart die grosse Bandbreite von Betrachtungsweisen.
Was siehst Du?",ART SALE COLLECTION,,,IMG_8003.HEIC,
CRUSHED CANS,"33 x 48cm, 2002, Mixed Media, Dosen auf Karton, Fr. 120.- Fr. 60.-","Zerdrückte Dosen – Der letzte Akt des Genusses.
Warum zerdrücken einige Menschen die Alu-Dose nach dem letzten Schluck?
Ist es Frust, weil sie leer ist?
Eine Gewohnheit? Oder weil es sich gut anfühlt?
Letztendlich wird jede Dose zu einem kleinen Kunstwerk.",ART SALE COLLECTION,,,IMG_8013.HEIC,
BLITZGEDANKEN,"60 x 140cm, fluoreszierend, strukturiert mit Steinen, Acryl und Lack auf Leinwand, Fr. 1900.- Fr. 950.-","Geistesblitze tauchen plötzlich auf, unerwartet und kraftvoll. Sie durchzucken den Verstand wie ein kurzer Lichtschein im Dunkeln.
 
Genau so ist die Idee von diesem Kunstwerk entstanden. 
Dieses Bild ist fluoreszierend. Es leuchtet bei gelöschtem Licht, so wie eine Blitzidee in unseren Köpfen oft noch nachhellt.",ART SALE COLLECTION,,,IMG_8008.HEIC,
BLITZGEDANKEN,,,,,,IMG_6847.HEIC,
FEEL THE NATUR,"100 x 160cm, strukturiert mit Sand und Steinen, Acryl, Goldstaub und Lack auf Leinwand, Fr. 3500.- Fr. 1750.-","Spüre die stille Kraft der Natur. Fließende Grüntöne und organische Formen werden sichtbar und laden Dich dazu ein, für einen Moment innezuhalten und die Ruhe, Freiheit sowie Lebendigkeit der natürlichen Welt bewusst wahr zu nehmen.",ART SALE COLLECTION,,,Bildschirmfoto 2026-07-29 um 10.12.38.png,
SANDDUNES,"60 x 80cm, 2005, Acryl auf Leinwand, Fr. 380.- Fr. 190.-","Sanddünen sind Landschaften in Bewegung – gezeichnet vom Wind, getragen von der Stille.",ART SALE COLLECTION,,,IMG_8025.HEIC,
RAINBOW SWIFT,"(4er) 10 x10cm bis 30 x 30cm, 2005, Acryl auf Leinwand, Fr. 550.- Fr. 275.-","Der «Regenbogen Segler»:
Er gleitet wie ein Gedanken durch den Wind – leicht, lautlos, leuchtend.",ART SALE COLLECTION,,,IMG_7989.HEIC,
ANIMALS EYES,"80 x 80cm, 2023, Softpastel, auf Leinwand, Fr. 1200.- Fr. 960.-","Die Augen der Tiere: Sie sehen anders – still, ungefragt, durchdringend.
 
Dieses Werk ist rein intuitiv entstanden. Es ist mein einziges in Comic-Stil. Die Entstehung, die Kunstrichtung und Aussage dieses Bildes kann ich nicht deuten. Es bleibt eines meiner geheimnisvollsten Werke.",ART SALE COLLECTION,,,IMG_3745.HEIC,
,,,,,,,
LICHTgeschwindigkeit,"60 x 60cm, 2020, Stempeldruck, Fluoreszierend, Acryl & Goldschimmer auf Leinwand, Fr. 990.- Fr. 792.-","In der Kunst zählt nicht das Messen der Zeit, sondern der Moment, der sich wie Licht in alle Richtungen ausdehnt.
 
Fluoreszierend wie ein Glühwürmchen: Dieses Bild ist auch nach dem Licht ausschalten nicht ganz verschwunden.",ART SALE COLLECTION,,,IMG_3573.JPG,
LICHTgeschwindigkeit,,,,,,IMG_3569.JPG,
LICHTblick,"60 x 60cm, 2020, Stempeldruck, fluoreszierend, Acryl & Goldschimmer auf Leinwand, Fr. 990.- Fr. 792.-","Lichtblicke zeigen sich oft, wenn man sie am wenigsten erwartet – klein, aber wirkungsvoll. Sie verändern nicht sofort alles, aber sie eröffnen einen neuen Blickwinkel.
 
Fluoreszierend wie ein Glühwürmchen: Dieses Bild ist auch nach dem Licht ausschalten nicht ganz verschwunden.",ART SALE COLLECTION,,,IMG_2926.JPG,
blauLICHT,"60 x 60cm, 2020, Stempeldruck, fluoreszierend, Acryl & Goldschimmer auf Leinwand, Fr. 990.- Fr. 792.-","Das Blaulicht beeinflusst unser Schlaf-Wach-Rhythmus. Blaulicht wird in der Therapie eingesetzt oder taucht plötzlich auf als Zeichen, dass Hilfe unterwegs ist. 
Wo vorher Stillstand war, kommt Bewegung rein. 
 
Fluoreszierend wie ein Glühwürmchen: Dieses Bild ist auch nach dem Licht ausschalten nicht ganz verschwunden.",ART SALE COLLECTION,,,IMG_2952.JPG,
rückLICHT,"60 x 60cm, 2020, Stempeldruck, fluoreszierend, Acryl & Goldschimmer auf Leinwand, Fr. 990.- Fr. 792.-","Rücklichter geben uns Orientierung, auch wenn nicht alles sichtbar ist.
 
Fluoreszierend wie ein Glühwürmchen: Dieses Bild ist auch nach dem Licht ausschalten nicht ganz verschwunden.",ART SALE COLLECTION,,,IMG_3352.JPG,
schLICHT,"40 x 80cm, 2020, Stempeldruck, fluoreszierend, Acryl & Goldschimmer auf Leinwand, Fr. 800.- Fr. 640.-","Weniger ist mehr und manchmal ist «schlicht» auch mehr als genug.
 
Fluoreszierend wie ein Glühwürmchen: Dieses Bild ist auch nach dem Licht ausschalten nicht ganz verschwunden.",ART SALE COLLECTION,,,IMG_2940.JPG,
rotLICHT,"40 x 80cm, 2020, Stempeldruck, fluoreszierend, Acryl & Goldschimmer auf Leinwand, Fr. 990.- Fr. 792.-","rotLICHT - das einzige Licht, bei dem sowohl Autos als auch Moralvorstellungen bremsen und in der Dunkelkammer das entwickelt wird, was draußen keiner sehen soll.
 
Fluoreszierend wie ein Glühwürmchen: Dieses Bild ist auch nach dem Licht ausschalten nicht ganz verschwunden.",ART SALE COLLECTION,,,IMG_2931.JPG,
hoffnungsLICHT,"60 x 140cm, 2020, Stempeldruck, fluoreszierend, Acryl & Goldschimmer auf Leinwand, Fr. 2100.- Fr. 1680.-","Wer es in sich trägt, lässt sich nicht mehr von der Dunkelheit einnehmen.
Das Hoffnungslicht ist ein sanftes, beständiges Schimmern, das uns auch in dunklen Momenten daran erinnert, dass Veränderungen immer möglich sind.
 
Fluoreszierend wie ein Glühwürmchen: Dieses Bild ist auch nach dem Licht ausschalten nicht ganz verschwunden.",ART SALE COLLECTION,,,IMG_2929.JPG,
